MANUFACTURER,OEM_PAINT_NAME,DVLA_COLOUR,COLOUR_FAMILY,FINISH
Audi,Nardo Grey,GREY,Gunmetal Grey,Solid
Audi,Daytona Grey Pearl,GREY,Dark Grey,Pearl
Audi,Manhattan Grey Metallic,GREY,Dark Grey,Metallic
Audi,Mythos Black Metallic,BLACK,Black,Metallic
Audi,Glacier White Metallic,WHITE,White,Metallic
Audi,Navarra Blue Metallic,BLUE,Dark Blue,Metallic
Audi,Ascari Blue Metallic,BLUE,Racing Blue,Metallic
Audi,Progressive Red Metallic,RED,Red,Metallic
BMW,Brooklyn Grey Metallic,GREY,Gunmetal Grey,Metallic
BMW,Skyscraper Grey Metallic,GREY,Dark Grey,Metallic
BMW,Dravit Grey Metallic,GREY,Dark Gunmetal,Metallic
BMW,Mineral Grey Metallic,GREY,Grey,Metallic
BMW,Black Sapphire Metallic,BLACK,Black,Metallic
BMW,Carbon Black Metallic,BLACK,Blue Black,Metallic
BMW,Alpine White,WHITE,White,Solid
BMW,Mineral White Metallic,WHITE,Pearl White,Metallic
BMW,Portimao Blue Metallic,BLUE,Blue,Metallic
BMW,Tanzanite Blue Metallic,BLUE,Dark Blue,Metallic
BMW,Phytonic Blue Metallic,BLUE,Blue,Metallic
BMW,Isle of Man Green Metallic,GREEN,Green,Metallic
BMW,Thundernight Metallic,PURPLE,Purple,Metallic
BMW,Toronto Red Metallic,RED,Red,Metallic
Mercedes-Benz,Selenite Grey Metallic,GREY,Gunmetal Grey,Metallic
Mercedes-Benz,Mountain Grey Metallic,GREY,Dark Grey,Metallic
Mercedes-Benz,Graphite Grey Metallic,GREY,Graphite Grey,Metallic
Mercedes-Benz,Obsidian Black Metallic,BLACK,Black,Metallic
Mercedes-Benz,Cosmos Black Metallic,BLACK,Black,Metallic
Mercedes-Benz,Polar White,WHITE,White,Solid
Mercedes-Benz,Digital White Metallic,WHITE,White,Metallic
Mercedes-Benz,High-Tech Silver Metallic,SILVER,Silver,Metallic
Mercedes-Benz,Spectral Blue Metallic,BLUE,Blue,Metallic
Mercedes-Benz,MANUFAKTUR Patagonia Red,RED,Dark Red,Metallic
Volkswagen,Uranium Grey,GREY,Dark Grey,Solid
Volkswagen,Dolphin Grey Metallic,GREY,Gunmetal Grey,Metallic
Volkswagen,Moonstone Grey,GREY,Cement Grey,Solid
Volkswagen,Deep Black Pearl,BLACK,Black,Pearl
Volkswagen,Pure White,WHITE,White,Solid
Volkswagen,Candy White,WHITE,White,Solid
Volkswagen,Reflex Silver Metallic,SILVER,Silver,Metallic
Volkswagen,Atlantic Blue Metallic,BLUE,Dark Blue,Metallic
Volkswagen,Lapiz Blue Metallic,BLUE,Racing Blue,Metallic
Volkswagen,Kings Red Metallic,RED,Red,Metallic
Volkswagen,Tornado Red,RED,Red,Solid
Ford,Magnetic Grey Metallic,GREY,Gunmetal Grey,Metallic
Ford,Carbonised Grey Metallic,GREY,Dark Grey,Metallic
Ford,Agate Black Metallic,BLACK,Black,Metallic
Ford,Frozen White,WHITE,White,Solid
Ford,Moondust Silver Metallic,SILVER,Silver,Metallic
Ford,Chrome Blue Metallic,BLUE,Blue,Metallic
Ford,Desert Island Blue Metallic,BLUE,Light Blue,Metallic
Ford,Fantastic Red Metallic,RED,Red,Metallic
Ford,Mean Green,GREEN,Bright Green,Solid
Ford,Grabber Blue,BLUE,Bright Blue,Solid
Vauxhall,Graphic Grey,GREY,Gunmetal Grey,Metallic
Vauxhall,Quartz Grey Metallic,GREY,Grey,Metallic
Vauxhall,Carbon Black Metallic,BLACK,Black,Metallic
Vauxhall,Diamond Black Metallic,BLACK,Black,Metallic
Vauxhall,Arctic White,WHITE,White,Solid
Vauxhall,Crystal Silver Metallic,SILVER,Silver,Metallic
Vauxhall,Electric Yellow,YELLOW,Yellow,Solid
Vauxhall,Cobalt Blue Metallic,BLUE,Blue,Metallic
Vauxhall,Crimson Red,RED,Dark Red,Metallic
Toyota,Decuma Grey Metallic,GREY,Dark Grey,Metallic
Toyota,Manhattan Grey Metallic,GREY,Gunmetal Grey,Metallic
Toyota,Attitude Black Metallic,BLACK,Black,Metallic
Toyota,Eclipse Black Metallic,BLACK,Black,Metallic
Toyota,Pure White,WHITE,White,Solid
Toyota,Platinum White Pearl,WHITE,Pearl White,Pearl
Toyota,Silver Blade Metallic,SILVER,Silver,Metallic
Toyota,Juniper Blue Metallic,BLUE,Blue,Metallic
Toyota,Scarlet Flare,RED,Red,Pearl
Toyota,Cyan Splash,BLUE,Turquoise Blue,Metallic
Lexus,Sonic Titanium,GREY,Gunmetal Grey,Metallic
Lexus,Mercury Grey,GREY,Dark Grey,Metallic
Lexus,Graphite Black,BLACK,Black,Metallic
Lexus,Sonic White,WHITE,Pearl White,Pearl
Lexus,Sonic Silver,SILVER,Silver,Metallic
Lexus,Celestial Blue,BLUE,Blue,Metallic
Lexus,Mesa Red,RED,Dark Red,Metallic
Lexus,Terrane Khaki,GREEN,Khaki Green,Metallic
Nissan,Gun Metallic,GREY,Gunmetal Grey,Metallic
Nissan,Ceramic Grey,GREY,Cement Grey,Solid
Nissan,Storm White Pearl,WHITE,Pearl White,Pearl
Nissan,Pearl Black,BLACK,Black,Pearl
Nissan,Blade Silver Metallic,SILVER,Silver,Metallic
Nissan,Magnetic Blue Metallic,BLUE,Dark Blue,Metallic
Nissan,Fuji Sunset Red,RED,Red,Metallic
Nissan,Burgundy Metallic,MAROON,Burgundy,Metallic
Honda,Sonic Grey Pearl,GREY,Cement Grey,Pearl
Honda,Meteoroid Grey Metallic,GREY,Dark Grey,Metallic
Honda,Crystal Black Pearl,BLACK,Black,Pearl
Honda,Platinum White Pearl,WHITE,Pearl White,Pearl
Honda,Premium Crystal Red,RED,Red,Pearl
Honda,Racing Blue Pearl,BLUE,Racing Blue,Pearl
Honda,Championship White,WHITE,White,Solid
Hyundai,Cyber Grey Metallic,GREY,Gunmetal Grey,Metallic
Hyundai,Amazon Grey Metallic,GREY,Dark Grey,Metallic
Hyundai,Phantom Black Pearl,BLACK,Black,Pearl
Hyundai,Atlas White,WHITE,White,Solid
Hyundai,Serenity White Pearl,WHITE,Pearl White,Pearl
Hyundai,Performance Blue,BLUE,Light Blue,Solid
Hyundai,Intense Blue Metallic,BLUE,Blue,Metallic
Hyundai,Ultimate Red Metallic,RED,Red,Metallic
Kia,Interstellar Grey,GREY,Gunmetal Grey,Metallic
Kia,Steel Grey,GREY,Grey,Metallic
Kia,Aurora Black Pearl,BLACK,Black,Pearl
Kia,Snow White Pearl,WHITE,Pearl White,Pearl
Kia,Fusion White,WHITE,White,Solid
Kia,Runway Red,RED,Red,Metallic
Kia,Mineral Blue,BLUE,Blue,Metallic
Kia,Experience Green,GREEN,Dark Green,Metallic
Volvo,Thunder Grey Metallic,GREY,Gunmetal Grey,Metallic
Volvo,Vapour Grey Metallic,GREY,Light Grey,Metallic
Volvo,Onyx Black Metallic,BLACK,Black,Metallic
Volvo,Crystal White Pearl,WHITE,Pearl White,Pearl
Volvo,Bright Dusk Metallic,BEIGE,Taupe,Metallic
Volvo,Denim Blue Metallic,BLUE,Dark Blue,Metallic
Volvo,Forest Lake Metallic,GREEN,Dark Green,Metallic
Volvo,Fjord Blue Metallic,BLUE,Light Blue,Metallic
Jaguar,Eiger Grey Metallic,GREY,Gunmetal Grey,Metallic
Jaguar,Carpathian Grey Premium Metallic,GREY,Dark Grey,Metallic
Jaguar,Santorini Black Metallic,BLACK,Black,Metallic
Jaguar,Fuji White,WHITE,White,Solid
Jaguar,Ostuni Pearl White,WHITE,Pearl White,Pearl
Jaguar,Portofino Blue Metallic,BLUE,Dark Blue,Metallic
Jaguar,Firenze Red Metallic,RED,Red,Metallic
Jaguar,British Racing Green Metallic,GREEN,Dark Green,Metallic
Land Rover,Eiger Grey Metallic,GREY,Gunmetal Grey,Metallic
Land Rover,Carpathian Grey Premium Metallic,GREY,Dark Grey,Metallic
Land Rover,Hakuba Silver Metallic,SILVER,Silver,Metallic
Land Rover,Santorini Black Metallic,BLACK,Black,Metallic
Land Rover,Fuji White,WHITE,White,Solid
Land Rover,Ostuni Pearl White,WHITE,Pearl White,Pearl
Land Rover,Portofino Blue Metallic,BLUE,Dark Blue,Metallic
Land Rover,Belgravia Green Metallic,GREEN,Dark Green,Metallic
Land Rover,Lantau Bronze Metallic,BRONZE,Bronze,Metallic
Porsche,Crayon,GREY,Cement Grey,Solid
Porsche,Arctic Grey,GREY,Light Grey,Solid
Porsche,Volcano Grey Metallic,GREY,Dark Grey,Metallic
Porsche,Jet Black Metallic,BLACK,Black,Metallic
Porsche,Carrara White Metallic,WHITE,White,Metallic
Porsche,GT Silver Metallic,SILVER,Silver,Metallic
Porsche,Gentian Blue Metallic,BLUE,Dark Blue,Metallic
Porsche,Shark Blue,BLUE,Bright Blue,Solid
Porsche,Guards Red,RED,Red,Solid
Porsche,Carmine Red,RED,Dark Red,Solid
Porsche,Python Green,GREEN,Bright Green,Solid
Tesla,Stealth Grey,GREY,Gunmetal Grey,Metallic
Tesla,Midnight Silver Metallic,GREY,Dark Grey,Metallic
Tesla,Solid Black,BLACK,Black,Solid
Tesla,Pearl White Multi-Coat,WHITE,Pearl White,Multi-coat
Tesla,Quicksilver,SILVER,Silver,Metallic
Tesla,Deep Blue Metallic,BLUE,Dark Blue,Metallic
Tesla,Ultra Red,RED,Red,Multi-coat
Tesla,Midnight Cherry Red,RED,Dark Red,Multi-coat
Peugeot,Cumulus Grey Metallic,GREY,Grey,Metallic
Peugeot,Selenium Grey Metallic,GREY,Gunmetal Grey,Metallic
Peugeot,Nera Black Metallic,BLACK,Black,Metallic
Peugeot,Bianca White,WHITE,White,Solid
Peugeot,Okenite White,WHITE,Pearl White,Pearl
Peugeot,Vertigo Blue Metallic,BLUE,Bright Blue,Metallic
Peugeot,Elixir Red,RED,Red,Pearl
Peugeot,Olivine Green,GREEN,Olive Green,Metallic
Renault,Shadow Grey Metallic,GREY,Gunmetal Grey,Metallic
Renault,Diamond Black Metallic,BLACK,Black,Metallic
Renault,Glacier White,WHITE,White,Solid
Renault,Diamond White,WHITE,Pearl White,Pearl
Renault,Iron Blue Metallic,BLUE,Dark Blue,Metallic
Renault,Flame Red Metallic,RED,Red,Metallic
Renault,Valencia Orange,ORANGE,Orange,Metallic
Citroen,Platinum Grey Metallic,GREY,Gunmetal Grey,Metallic
Citroen,Perla Nera Black Metallic,BLACK,Black,Metallic
Citroen,Polar White,WHITE,White,Solid
Citroen,Cumulus Grey Metallic,GREY,Light Grey,Metallic
Citroen,Eclipse Blue Metallic,BLUE,Dark Blue,Metallic
Citroen,Elixir Red,RED,Red,Pearl
Citroen,Soft Sand,BEIGE,Sand,Metallic
Skoda,Graphite Grey Metallic,GREY,Gunmetal Grey,Metallic
Skoda,Steel Grey,GREY,Cement Grey,Solid
Skoda,Black Magic Pearl,BLACK,Black,Pearl
Skoda,Moon White Metallic,WHITE,White,Metallic
Skoda,Brilliant Silver Metallic,SILVER,Silver,Metallic
Skoda,Race Blue Metallic,BLUE,Racing Blue,Metallic
Skoda,Energy Blue,BLUE,Light Blue,Solid
Skoda,Velvet Red Metallic,RED,Dark Red,Metallic
Skoda,Mamba Green,GREEN,Bright Green,Solid
SEAT,Magnetic Tech Grey Metallic,GREY,Gunmetal Grey,Metallic
SEAT,Midnight Black Metallic,BLACK,Black,Metallic
SEAT,Nevada White Metallic,WHITE,White,Metallic
SEAT,Glacial White,WHITE,White,Solid
SEAT,Fjord Blue Metallic,BLUE,Blue,Metallic
SEAT,Desire Red Metallic,RED,Red,Metallic
Cupra,Graphene Grey,GREY,Cement Grey,Solid
Cupra,Magnetic Tech Grey,GREY,Gunmetal Grey,Metallic
Cupra,Midnight Black Metallic,BLACK,Black,Metallic
Cupra,Nevada White Metallic,WHITE,White,Metallic
Cupra,Petrol Blue Matte,BLUE,Petrol Blue,Matte
Cupra,Dark Forest,GREEN,Dark Green,Metallic
Cupra,Century Bronze Matte,BRONZE,Bronze,Matte
Mazda,Machine Grey Metallic,GREY,Gunmetal Grey,Metallic
Mazda,Polymetal Grey Metallic,GREY,Cement Grey,Metallic
Mazda,Jet Black Mica,BLACK,Black,Mica
Mazda,Rhodium White Metallic,WHITE,White,Metallic
Mazda,Snowflake White Pearl,WHITE,Pearl White,Pearl
Mazda,Soul Red Crystal,RED,Red,Crystal
Mazda,Deep Crystal Blue Mica,BLUE,Dark Blue,Mica
Mazda,Zircon Sand Metallic,BEIGE,Sand,Metallic
Subaru,Magnetite Grey Metallic,GREY,Gunmetal Grey,Metallic
Subaru,Crystal Black Silica,BLACK,Black,Pearl
Subaru,Crystal White Pearl,WHITE,Pearl White,Pearl
Subaru,Ice Silver Metallic,SILVER,Silver,Metallic
Subaru,WR Blue Pearl,BLUE,Racing Blue,Pearl
Subaru,Sapphire Blue Pearl,BLUE,Dark Blue,Pearl
Subaru,Crimson Red Pearl,RED,Dark Red,Pearl
Mitsubishi,Graphite Grey Metallic,GREY,Gunmetal Grey,Metallic
Mitsubishi,Jet Black Mica,BLACK,Black,Mica
Mitsubishi,White Diamond,WHITE,Pearl White,Pearl
Mitsubishi,Sterling Silver Metallic,SILVER,Silver,Metallic
Mitsubishi,Lightning Blue Metallic,BLUE,Blue,Metallic
Mitsubishi,Red Diamond,RED,Red,Pearl
Alfa Romeo,Vesuvio Grey Metallic,GREY,Gunmetal Grey,Metallic
Alfa Romeo,Vulcano Black Metallic,BLACK,Black,Metallic
Alfa Romeo,Alfa White,WHITE,White,Solid
Alfa Romeo,Alfa Red,RED,Red,Solid
Alfa Romeo,Competizione Red,RED,Dark Red,Tri-coat
Alfa Romeo,Misano Blue Metallic,BLUE,Racing Blue,Metallic
Alfa Romeo,Montreal Green,GREEN,Emerald Green,Tri-coat
Fiat,Moda Grey Metallic,GREY,Grey,Metallic
Fiat,Cinema Black,BLACK,Black,Solid
Fiat,Gelato White,WHITE,White,Solid
Fiat,Passione Red,RED,Red,Solid
Fiat,Italia Blue Metallic,BLUE,Blue,Metallic
Fiat,Sicilia Orange,ORANGE,Orange,Metallic
Fiat,Ocean Green,GREEN,Green,Metallic
MINI,Rooftop Grey Metallic,GREY,Gunmetal Grey,Metallic
MINI,Melting Silver Metallic,SILVER,Silver,Metallic
MINI,Midnight Black Metallic,BLACK,Black,Metallic
MINI,Nanuq White Metallic,WHITE,White,Metallic
MINI,British Racing Green Metallic,GREEN,Dark Green,Metallic
MINI,Island Blue Metallic,BLUE,Blue,Metallic
MINI,Rebel Green,GREEN,Dark Green,Solid
MINI,Chili Red,RED,Red,Solid
Ferrari,Grigio Silverstone,GREY,Gunmetal Grey,Metallic
Ferrari,Nero Daytona,BLACK,Black,Metallic
Ferrari,Bianco Avus,WHITE,White,Solid
Ferrari,Rosso Corsa,RED,Red,Solid
Ferrari,Rosso Scuderia,RED,Bright Red,Solid
Ferrari,Giallo Modena,YELLOW,Yellow,Solid
Ferrari,Blu Tour de France,BLUE,Dark Blue,Metallic
Ferrari,Verde British,GREEN,Dark Green,Metallic
Lamborghini,Grigio Telesto,GREY,Gunmetal Grey,Metallic
Lamborghini,Nero Noctis,BLACK,Black,Solid
Lamborghini,Bianco Monocerus,WHITE,White,Solid
Lamborghini,Verde Mantis,GREEN,Bright Green,Metallic
Lamborghini,Arancio Borealis,ORANGE,Orange,Pearl
Lamborghini,Giallo Inti,YELLOW,Yellow,Pearl
Lamborghini,Blu Cepheus,BLUE,Light Blue,Pearl
Lamborghini,Viola Pasifae,PURPLE,Purple,Pearl
Bentley,Meteor,GREY,Gunmetal Grey,Metallic
Bentley,Beluga,BLACK,Black,Solid
Bentley,Glacier White,WHITE,White,Solid
Bentley,Moonbeam,SILVER,Silver,Metallic
Bentley,Dark Sapphire,BLUE,Dark Blue,Metallic
Bentley,British Racing Green,GREEN,Dark Green,Metallic
Bentley,Dragon Red II,RED,Red,Metallic
Rolls-Royce,Tempest Grey,GREY,Gunmetal Grey,Metallic
Rolls-Royce,Black Diamond,BLACK,Black,Metallic
Rolls-Royce,Arctic White,WHITE,White,Solid
Rolls-Royce,English White,WHITE,Cream White,Solid
Rolls-Royce,Jubilee Silver,SILVER,Silver,Metallic
Rolls-Royce,Salamanca Blue,BLUE,Blue,Metallic
Rolls-Royce,Midnight Sapphire,BLUE,Dark Blue,Metallic
